INSERT INTO `package` (`id`, `role_id`, `title`, `sub_title`, `description`, `price`, `price_type`, `insertion_price`, `commission`, `duration`, `value`, `created_at`, `updated_at`, `status`, `package_for`) VALUES
(22, 6, 'Basic Profile', NULL, 'Just the essential information -\r\n\r\n- Basic Branding\r\n- Location Map\r\n- Contact Details', NULL, NULL, NULL, NULL, NULL, NULL, 1426056922, NULL, 1, 'shop'),
(23, 6, 'Online Shop', NULL, 'Your own online shop -\r\n\r\n- Branded shop profile and listings\r\n- Shop promoted on Friday Ad website\r\n- Links to your website and social media\r\n- Verified business badge\r\n- Location Map\r\n- Contact Details', 10, NULL, NULL, NULL, '1m', NULL, 1426057438, NULL, 1, 'shop'),
(24, 6, 'Premium Shop', NULL, 'Your shop promoted across Friday Ad website -\r\n\r\n- Branded shop profile and listings\r\n- National promotion of shop and items on Friday Ad website\r\n- List multiple quantities of items\r\n- Full social media integration\r\n- Verified business badge\r\n- Location Map\r\n- Contact Details', 15, NULL, NULL, NULL, '1m', NULL, 1426057533, NULL, 1, 'shop'),
(25, 6, 'Basic Profile', NULL, 'Just the essential information -\r\n\r\n- Basic Branding\r\n- Location Map\r\n- Contact Details', NULL, NULL, NULL, NULL, NULL, NULL, 1426057763, NULL, 1, 'shop'),
(26, NULL, 'Dealership Profile', NULL, 'Your own online dealership -\r\n\r\n- Branded dealership profile and listings\r\n- Links to your website and social media\r\n- Verified business badge\r\n- Location Map\r\n- Contact Details', 30, NULL, NULL, NULL, '1m', NULL, 1426057903, NULL, 1, 'shop'),
(27, 6, 'Premium Dealership Profile', '1m', 'Your dealership promoted across Friday Ad website -\r\n\r\n- Branded dealership profile and listings\r\n- Expanded promotion of your dealership and cars on Friday Ad website\r\n- Full social media integration\r\n- Verified business badge\r\n- Location Map\r\n- Contact Details', 45, NULL, NULL, NULL, NULL, NULL, 1426057982, 1426057994, 1, 'shop'),
(28, 6, 'Basic Profile', NULL, 'Just the essential information -\r\n\r\n- Basic Branding\r\n- Location Map\r\n- Contact Details', NULL, NULL, NULL, NULL, NULL, NULL, 1426058029, NULL, 1, 'shop'),
(29, NULL, 'Enhanced Profile', NULL, 'Your own online business profile -\r\n\r\n- Branded business profile and service listings\r\n- Business promoted on Friday Ad website\r\n- Links to your website and social media\r\n- Verified business badge\r\n- Location Map\r\n- Contact Details', 30, NULL, NULL, NULL, NULL, NULL, 1426058137, NULL, 1, 'shop'),
(30, 6, 'Premium Profile', NULL, 'Your business promoted across Friday Ad website -\r\n\r\n- Branded business profile and listings\r\n- Expanded promotion of your business and services on Friday Ad website\r\n- Full social media integration\r\n- Verified business badge\r\n- Location Map\r\n- Contact Details', 45, NULL, NULL, NULL, '1m', NULL, 1426058229, NULL, 1, 'shop'),
(31, 6, 'Basic Profile', NULL, 'Just the essential information -\r\n\r\n- Basic Branding\r\n- Location Map\r\n- Contact Details', NULL, NULL, NULL, NULL, NULL, NULL, 1426058286, NULL, 1, 'shop'),
(32, 6, 'Enhanced Profile', NULL, 'Your own online agency profile -\r\n\r\n- Branded agency profile and property listings\r\n- Agency promoted on Friday Ad website\r\n- Links to your website and social media\r\n- Verified business badge\r\n- Location Map\r\n- Contact Details', 30, NULL, NULL, NULL, '1m', NULL, 1426058350, NULL, 1, 'shop'),
(33, 6, 'Premium Profile', NULL, 'Your agency promoted across Friday Ad website -\r\n\r\n- Branded agency profile and property listings\r\n- Expanded promotion of your agency and properties on Friday Ad website\r\n- Full social media integration\r\n- Verified business badge\r\n- Location Map\r\n- Contact Details', 45, NULL, NULL, NULL, '1m', NULL, 1426058523, 1426058533, 1, 'shop'),
(34, 6, 'Basic Profile', NULL, 'Just the essential information -\r\n\r\n- Basic Branding\r\n- Location Map\r\n- Contact Details', NULL, NULL, NULL, NULL, NULL, NULL, 1426058944, NULL, 1, 'shop'),
(35, 6, 'Enhanced Profile', NULL, 'Your own online business profile -\r\n\r\n- Branded business profile and job listings\r\n- Business promoted on Friday Ad website\r\n- Links to your website and social media\r\n- Verified business badge\r\n- Location Map\r\n- Contact Details', 30, NULL, NULL, NULL, '1m', NULL, 1426058990, NULL, 1, 'shop'),
(36, 6, 'Premium Profile', NULL, 'Your business and jobs promoted across Friday Ad website -\r\n\r\n- Branded business profile and job listings\r\n- Expanded promotion of your business and jobs on Friday Ad website\r\n- Full social media integration\r\n- Verified business badge\r\n- Location Map\r\n- Contact Details', 45, NULL, NULL, NULL, '1m', NULL, 1426059060, NULL, 1, 'shop'),
(37, 6, 'Basic Profile', NULL, 'Just the essential information -\r\n\r\n- Basic Branding\r\n- Location Map\r\n- Contact Details', NULL, NULL, NULL, NULL, NULL, NULL, 1426059116, NULL, 1, 'shop'),
(38, 6, 'Enhanced Profile', NULL, 'Your own online business profile -\r\n\r\n- Branded business profile profile and item listings\r\n- Business promoted on Friday Ad website\r\n- Links to your website and social media\r\n- Verified business badge\r\n- Location Map\r\n- Contact Details', 10, NULL, NULL, NULL, '1m', NULL, 1426059177, NULL, 1, 'shop'),
(39, 6, 'Premium Profile', NULL, 'Your business promoted across Friday Ad website -\r\n\r\n- Branded shop profile and listings\r\n- National promotion of business and items on Friday Ad website\r\n- Full social media integration\r\n- Verified business badge\r\n- Location Map\r\n- Contact Details', 15, NULL, NULL, NULL, '1m', NULL, 1426059227, NULL, 1, 'shop');

INSERT INTO `package_rule` (`id`, `package_id`, `category_id`, `location_group_id`, `title`, `description`, `price`, `created_at`, `updated_at`, `status`) VALUES
(22, 22, 2, NULL, NULL, NULL, NULL, 1426056922, NULL, NULL),
(23, 23, 2, NULL, NULL, NULL, NULL, 1426057438, NULL, NULL),
(24, 24, 2, NULL, NULL, NULL, NULL, 1426057533, NULL, NULL),
(25, 25, 444, NULL, NULL, NULL, NULL, 1426057763, NULL, NULL),
(26, 26, 444, NULL, NULL, NULL, NULL, 1426057903, NULL, NULL),
(28, 27, 444, NULL, NULL, NULL, NULL, 1426057994, NULL, NULL),
(29, 28, 585, NULL, NULL, NULL, NULL, 1426058029, NULL, NULL),
(30, 29, 585, NULL, NULL, NULL, NULL, 1426058137, NULL, NULL),
(31, 30, 585, NULL, NULL, NULL, NULL, 1426058229, NULL, NULL),
(32, 31, 678, NULL, NULL, NULL, NULL, 1426058286, NULL, NULL),
(33, 32, 678, NULL, NULL, NULL, NULL, 1426058350, NULL, NULL),
(35, 33, 678, NULL, NULL, NULL, NULL, 1426058533, NULL, NULL),
(36, 34, 500, NULL, NULL, NULL, NULL, 1426058944, NULL, NULL),
(37, 35, 500, NULL, NULL, NULL, NULL, 1426058990, NULL, NULL),
(38, 36, 500, NULL, NULL, NULL, NULL, 1426059060, NULL, NULL),
(39, 37, 697, NULL, NULL, NULL, NULL, 1426059116, NULL, NULL),
(40, 38, 697, NULL, NULL, NULL, NULL, 1426059177, NULL, NULL),
(41, 39, 697, NULL, NULL, NULL, NULL, 1426059227, NULL, NULL);


INSERT INTO `package_upsell` (`package_id`, `upsell_id`) VALUES
(23, 25),
(23, 26),
(23, 27),
(24, 25),
(24, 26),
(24, 30),
(24, 34),
(24, 35),
(24, 36),
(26, 25),
(26, 26),
(27, 25),
(27, 26),
(27, 29),
(27, 33),
(27, 36),
(29, 25),
(29, 26),
(29, 27),
(30, 25),
(30, 26),
(30, 28),
(30, 32),
(30, 36),
(32, 25),
(32, 26),
(32, 27),
(33, 25),
(33, 26),
(33, 29),
(33, 33),
(33, 36),
(35, 25),
(35, 26),
(35, 27),
(36, 25),
(36, 26),
(36, 29),
(36, 33),
(36, 36),
(38, 25),
(38, 26),
(38, 27),
(39, 25),
(39, 26),
(39, 28),
(39, 32),
(39, 36);
