SET foreign_key_checks = 0;
DELETE from package WHERE id IN (22, 23, 24, 25, 26, 27, 28, 29, 30 ,31, 32, 33, 34, 35, 36, 37, 38, 39, 40, 41, 42, 43, 44, 45);

INSERT INTO `package` (`id`, `role_id`, `title`, `sub_title`, `description`, `price`, `duration`, `value`, `created_at`, `updated_at`, `status`, `package_for`, `email_template_id`, `shop_category_id`, `package_text`) VALUES
(22, 6, 'Basic Profile', 'START SIMPLE', '<h5>Just the essential information</h5>\r\n\r\n<ul>\r\n<li>Basic Branding</li>\r\n<li>Location Map</li>\r\n<li>Contact Details</li>\r\n</ul>', NULL, NULL, 'a:2:{s:11:"title_class";s:13:"pkg-gray-head";s:9:"btn_class";s:13:"primary-btn-3";}', 1426056922, 1426756317, 1, 'shop', NULL, 2, 'basic'),
(23, 6, 'Online Shop', 'BEST FOR QUICK RESULTS', '<h5>Your own online shop</h5>\r\n\r\n<ul>\r\n<li>Branded shop profile and listings</li>\r\n<li>Shop promoted on Friday Ad website</li>\r\n<li>Links to your website and social media</li>\r\n<li>Verified business badge</li>\r\n<li>Location Map</li>\r\n<li>Contact Details</li>\r\n</ul>', 10, '1m', 'a:2:{s:11:"title_class";s:13:"pkg-blue-head";s:9:"btn_class";s:13:"primary-btn-1";}', 1426057438, 1426756276, 1, 'shop', NULL, 2, 'enhanced'),
(24, 6, 'Premium Shop', 'OUT MOST POPULAR OPTION', '<h5>Your shop promoted across Friday Ad website</h5>\r\n\r\n<ul>\r\n<li>Branded shop profile and listings</li>\r\n<li>National promotion of shop and items on Friday Ad website</li>\r\n<li>List multiple quantities of items</li>\r\n<li>Full social media integration</li>\r\n<li>Verified business badge</li>\r\n<li>Location Map</li>\r\n<li>Contact Details</li>\r\n</ul>', 15, '1m', 'a:2:{s:11:"title_class";s:14:"pkg-green-head";s:9:"btn_class";s:13:"primary-btn-2";}', 1426057533, 1426756213, 1, 'shop', NULL, 2, 'premium'),
(25, 6, 'Basic Profile', 'START SIMPLE', '<h5>Just the essential information</h5>\r\n\r\n<ul>\r\n<li>Basic Branding</li>\r\n<li>Location Map</li>\r\n<li>Contact Details</li>\r\n</ul>', NULL, NULL, 'a:2:{s:11:"title_class";s:13:"pkg-gray-head";s:9:"btn_class";s:13:"primary-btn-3";}', 1426057763, 1426756144, 1, 'shop', NULL, 444, 'basic'),
(26, 6, 'Dealership Profile', 'BEST FOR QUICK RESULTS', '<h5>Your own online dealership</h5>\r\n\r\n<ul>\r\n<li>Branded dealership profile and listings</li>\r\n<li>Links to your website and social media</li>\r\n<li>Verified business badge</li>\r\n<li>Location Map</li>\r\n<li>Contact Details</li>\r\n</ul>', 30, '1m', 'a:2:{s:11:"title_class";s:13:"pkg-blue-head";s:9:"btn_class";s:13:"primary-btn-1";}', 1426057903, 1427092602, 1, 'shop', NULL, 444, 'enhanced'),
(27, 6, 'Premium Dealership Profile', 'OUT MOST POPULAR OPTION', '<h5>Your dealership promoted across Friday Ad website</h5>\r\n\r\n<ul>\r\n<li>Branded dealership profile and listings</li>\r\n<li>Expanded promotion of your dealership and cars on Friday Ad website</li>\r\n<li>Full social media integration</li>\r\n<li>Verified business badge</li>\r\n<li>Location Map</li>\r\n<li>Contact Details</li>\r\n</ul>', 45, NULL, 'a:2:{s:11:"title_class";s:14:"pkg-green-head";s:9:"btn_class";s:13:"primary-btn-2";}', 1426057982, 1426756058, 1, 'shop', NULL, 444, 'premium'),
(28, 6, 'Basic Profile', 'START SIMPLE', '<h5>Just the essential information</h5>\r\n\r\n<ul>\r\n<li>Basic Branding</li>\r\n<li>Location Map</li>\r\n<li>Contact Details</li>\r\n</ul>', NULL, NULL, 'a:2:{s:11:"title_class";s:13:"pkg-gray-head";s:9:"btn_class";s:13:"primary-btn-3";}', 1426058029, 1426756014, 1, 'shop', NULL, 585, 'basic'),
(29, 6, 'Enhanced Profile', 'BEST FOR QUICK RESULTS', '<h5>Your own online business profile</h5>\r\n\r\n<ul>\r\n<li>Branded business profile and service listings</li>\r\n<li>Business promoted on Friday Ad website</li>\r\n<li>Links to your website and social media</li>\r\n<li>Verified business badge</li>\r\n<li>Location Map</li>\r\n<li>Contact Details</li>\r\n</ul>', 30, '1m', 'a:2:{s:11:"title_class";s:13:"pkg-blue-head";s:9:"btn_class";s:13:"primary-btn-1";}', 1426058137, 1427092650, 1, 'shop', NULL, 585, 'enhanced'),
(30, 6, 'Premium Profile', 'OUT MOST POPULAR OPTION', '<h5>Your business promoted across Friday Ad website</h5>\r\n\r\n<ul>\r\n<li>Branded business profile and listings</li>\r\n<li>Expanded promotion of your business and services on Friday Ad website</li>\r\n<li>Full social media integration</li>\r\n<li>Verified business badge</li>\r\n<li>Location Map</li>\r\n<li>Contact Details</li>\r\n</ul>', 45, '1m', 'a:2:{s:11:"title_class";s:14:"pkg-green-head";s:9:"btn_class";s:13:"primary-btn-2";}', 1426058229, 1426755917, 1, 'shop', NULL, 585, 'premium'),
(31, 6, 'Basic Profile', 'START SIMPLE', '<h5>Just the essential information</h5>\r\n\r\n<ul>\r\n<li>Basic Branding</li>\r\n<li>Location Map</li>\r\n<li>Contact Details</li>\r\n</ul>', NULL, NULL, 'a:2:{s:11:"title_class";s:13:"pkg-gray-head";s:9:"btn_class";s:13:"primary-btn-3";}', 1426058286, 1426755861, 1, 'shop', NULL, 678, 'basic'),
(32, 6, 'Enhanced Profile', 'BEST FOR QUICK RESULTS', '<h5>Your own online agency profile </h5>\r\n<ul>\r\n    <li>Branded agency profile and property listings</li>\r\n    <li>Agency promoted on Friday Ad website</li>\r\n    <li>Links to your website and social media</li>\r\n    <li>Verified business badge</li>\r\n    <li>Location Map</li>\r\n    <li>Contact Details</li>\r\n</ul>', 30, '1m', 'a:2:{s:11:"title_class";s:13:"pkg-blue-head";s:9:"btn_class";s:13:"primary-btn-1";}', 1426058350, 1426748804, 1, 'shop', NULL, 678, 'enhanced'),
(33, 6, 'Premium Profile', 'OUT MOST POPULAR OPTION', '<h5>Branded agency profile and property listings</h5>\r\n<ul>\r\n<li>Expanded promotion of your agency and properties on Friday Ad website</li>\r\n<li>Full social media integration</li>\r\n<li>Verified business badge</li>\r\n<li>Location Map</li>\r\n<li>Contact Details</li>\r\n</ul>', 45, '1m', 'a:2:{s:11:"title_class";s:14:"pkg-green-head";s:9:"btn_class";s:13:"primary-btn-2";}', 1426058523, 1426755774, 1, 'shop', NULL, 678, 'premium'),
(34, 6, 'Basic Profile', 'START SIMPLE', '<h5>Just the essential information</h5>\r\n\r\n<ul>\r\n    <li>Basic Branding</li>\r\n    <li>Location Map</li>\r\n    <li>Contact Details</li>\r\n</ul>', NULL, NULL, 'a:2:{s:11:"title_class";s:13:"pkg-gray-head";s:9:"btn_class";s:13:"primary-btn-3";}', 1426058944, 1426750433, 1, 'shop', NULL, 500, 'basic'),
(35, 6, 'Enhanced Profile', 'BEST FOR QUICK RESULTS', '<h5>Your own online business profile</h5>\r\n\r\n<ul>\r\n<li>Branded business profile and job listings</li>\r\n<li>Business promoted on Friday Ad website</li>\r\n<li>Links to your website and social media</li>\r\n<li>Verified business badge</li>\r\n<li>Location Map</li>\r\n<li>Contact Details</li>\r\n</ul>', 30, '1m', 'a:2:{s:11:"title_class";s:13:"pkg-blue-head";s:9:"btn_class";s:13:"primary-btn-1";}', 1426058990, 1426750331, 1, 'shop', NULL, 500, 'enhanced'),
(36, 6, 'Premium Profile', 'OUT MOST POPULAR OPTION', '<h5>Your business and jobs promoted across Friday Ad website</h5>\r\n\r\n<ul>\r\n<li>Branded business profile and job listings</li>\r\n<li>Expanded promotion of your business and jobs on Friday Ad website</li>\r\n<li>Full social media integration</li>\r\n<li>Verified business badge</li>\r\n<li>Location Map</li>\r\n<li>Contact Details</li>\r\n</ul>', 45, '1m', 'a:2:{s:11:"title_class";s:14:"pkg-green-head";s:9:"btn_class";s:13:"primary-btn-2";}', 1426059060, 1426750269, 1, 'shop', NULL, 500, 'premium'),
(37, 6, 'Basic Profile', 'START SIMPLE', '<h5>Just the essential information</h5>\r\n\r\n<ul>\r\n<li>Basic Branding</li>\r\n<li>Location Map</li>\r\n<li>Contact Details</li>\r\n</ul>', NULL, NULL, 'a:2:{s:11:"title_class";s:13:"pkg-gray-head";s:9:"btn_class";s:13:"primary-btn-3";}', 1426059116, 1426756503, 1, 'shop', NULL, 725, 'basic'),
(38, 6, 'Enhanced Profile', 'BEST FOR QUICK RESULTS', '<h5>Your own online business profile</h5>\r\n\r\n<ul>\r\n    <li>Branded business profile profile and item listings</li>\r\n    <li>Business promoted on Friday Ad website</li>\r\n    <li>Links to your website and social media</li>\r\n    <li>Verified business badge</li>\r\n    <li>Location Map</li>\r\n    <li>Contact Details</li>\r\n</ul>', 10, '1m', 'a:2:{s:11:"title_class";s:13:"pkg-blue-head";s:9:"btn_class";s:13:"primary-btn-1";}', 1426059177, 1426756495, 1, 'shop', NULL, 725, 'enhanced'),
(39, 6, 'Premium Profile', 'OUT MOST POPULAR OPTION', '<h5>Your business promoted across Friday Ad website</h5>\r\n\r\n<ul>\r\n<li>Branded shop profile and listings</li>\r\n<li>National promotion of business and items on Friday Ad website</li>\r\n<li>Full social media integration</li>\r\n<li>Verified business badge</li>\r\n<li>Location Map</li>\r\n<li>Contact Details</li>\r\n</ul>', 15, '1m', 'a:2:{s:11:"title_class";s:14:"pkg-green-head";s:9:"btn_class";s:13:"primary-btn-2";}', 1426059227, 1426756487, 1, 'shop', NULL, 725, 'premium'),
(40, 6, 'Basic Profile', 'START SIMPLE', '<h5>Just the essential information</h5>\r\n\r\n<ul>\r\n    <li>Basic Branding</li>\r\n    <li>Location Map</li>\r\n    <li>Contact Details</li>\r\n</ul>', NULL, NULL, 'a:2:{s:11:"title_class";s:13:"pkg-gray-head";s:9:"btn_class";s:13:"primary-btn-3";}', 1427092213, NULL, 1, 'shop', NULL, 3411, 'basic'),
(41, 6, 'Enhanced Profile', 'BEST FOR QUICK RESULTS', '<h5>Your own online business profile</h5>\r\n\r\n<ul>\r\n<li>Branded business profile and service listings</li>\r\n<li>Business promoted on Friday Ad website</li>\r\n<li>Links to your website and social media</li>\r\n<li>Verified business badge</li>\r\n<li>Contact Details</li>\r\n</ul>', 400, '1m', 'a:2:{s:11:"title_class";s:13:"pkg-blue-head";s:9:"btn_class";s:13:"primary-btn-1";}', 1427092367, 1427775470, 1, 'shop', NULL, 3411, 'enhanced'),
(42, 6, 'Premium Profile', 'OUT MOST POPULAR OPTION', '<h5>Your business promoted across Friday Ad website</h5>\r\n\r\n<ul>\r\n<li>Branded business profile and listings</li>\r\n<li>Expanded promotion of your business on Friday Ad website</li>\r\n<li>Full social media integration</li>\r\n<li>Verified business badge</li>\r\n<li>Contact Details</li>\r\n</ul>', 500, '1m', 'a:2:{s:11:"title_class";s:14:"pkg-green-head";s:9:"btn_class";s:13:"primary-btn-2";}', 1427092506, 1427775486, 1, 'shop', NULL, 3411, 'premium'),
(43, 6, 'Basic Profile', 'START SIMPLE', '<h5>Just the essential information</h5>\r\n\r\n<ul>\r\n    <li>Basic Branding</li>\r\n    <li>Location Map</li>\r\n    <li>Contact Details</li>\r\n</ul>', NULL, NULL, 'a:2:{s:11:"title_class";s:13:"pkg-gray-head";s:9:"btn_class";s:13:"primary-btn-3";}', 1427775277, NULL, 1, 'shop', NULL, 783, 'basic'),
(44, 6, 'Enhanced Profile', 'BEST FOR QUICK RESULTS', '<h5>Your own online agency profile</h5>\r\n\r\n<ul>\r\n<li>Branded agency profile and service listings</li>\r\n<li>Agency promoted on Friday Ad website</li>\r\n<li>Links to your website and social media</li>\r\n<li>Verified business badge</li>\r\n<li>Contact Details</li>\r\n</ul>', 10, '1m', 'a:2:{s:11:"title_class";s:13:"pkg-blue-head";s:9:"btn_class";s:13:"primary-btn-1";}', 1427775455, NULL, 1, 'shop', NULL, 783, 'enhanced'),
(45, 6, 'Premium Profile', 'OUT MOST POPULAR OPTION', '<h5>Your agency promoted across Friday Ad website</h5>\r\n\r\n<ul>\r\n<li>Branded agency profile and property listings</li>\r\n<li>Expanded promotion of your agency and properties on Friday Ad website</li>\r\n<li>Full social media integration</li>\r\n<li>Verified business badge</li>\r\n<li>Location Map</li>\r\n<li>Contact Details</li>\r\n</ul>', 15, '1m', 'a:2:{s:11:"title_class";s:14:"pkg-green-head";s:9:"btn_class";s:13:"primary-btn-2";}', 1427775650, NULL, 1, 'shop', NULL, 783, 'premium');


DELETE from package_rule WHERE package_id IN (22, 23, 24, 25, 26, 27, 28, 29, 30 ,31, 32, 33, 34, 35, 36, 37, 38, 39, 40, 41, 42, 43, 44, 45);

INSERT INTO `package_rule` (`package_id`, `category_id`, `location_group_id`, `title`, `description`, `price`, `created_at`, `updated_at`, `status`) VALUES
(22, 2, NULL, NULL, NULL, NULL, 1426056922, NULL, NULL),
(23, 2, NULL, NULL, NULL, NULL, 1426057438, NULL, NULL),
(24, 2, NULL, NULL, NULL, NULL, 1426057533, NULL, NULL),
(25, 444, NULL, NULL, NULL, NULL, 1426057763, NULL, NULL),
(26, 444, NULL, NULL, NULL, NULL, 1427092602, NULL, NULL),
(27, 444, NULL, NULL, NULL, NULL, 1426057994, NULL, NULL),
(28, 585, NULL, NULL, NULL, NULL, 1426058029, NULL, NULL),
(29, 585, NULL, NULL, NULL, NULL, 1427092650, NULL, NULL),
(30, 585, NULL, NULL, NULL, NULL, 1426058229, NULL, NULL),
(31, 678, NULL, NULL, NULL, NULL, 1426058286, NULL, NULL),
(32, 678, NULL, NULL, NULL, NULL, 1426058350, NULL, NULL),
(33, 678, NULL, NULL, NULL, NULL, 1426058533, NULL, NULL),
(34, 500, NULL, NULL, NULL, NULL, 1426058944, NULL, NULL),
(35, 500, NULL, NULL, NULL, NULL, 1426058990, NULL, NULL),
(36, 500, NULL, NULL, NULL, NULL, 1426059060, NULL, NULL),
(37, 725, NULL, NULL, NULL, NULL, 1426059116, NULL, NULL),
(38, 725, NULL, NULL, NULL, NULL, 1426059177, NULL, NULL),
(39, 725, NULL, NULL, NULL, NULL, 1426059227, NULL, NULL),
(40, 3411, NULL, NULL, NULL, NULL, 1427092213, NULL, NULL),
(43, 783, NULL, NULL, NULL, NULL, 1427775277, NULL, NULL),
(44, 783, NULL, NULL, NULL, NULL, 1427775455, NULL, NULL),
(41, 3411, NULL, NULL, NULL, NULL, 1427775470, NULL, NULL),
(42, 3411, NULL, NULL, NULL, NULL, 1427775486, NULL, NULL),
(45, 783, NULL, NULL, NULL, NULL, 1427775650, NULL, NULL);

DELETE from package_upsell WHERE package_id IN (22, 23, 24, 25, 26, 27, 28, 29, 30 ,31, 32, 33, 34, 35, 36, 37, 38, 39, 40, 41, 42, 43, 44, 45);
INSERT INTO `package_upsell` (`package_id`, `upsell_id`) VALUES
(23, 25),
(23, 26),
(23, 27),
(24, 25),
(24, 26),
(24, 30),
(24, 34),
(24, 35),
(24, 36),
(26, 25),
(26, 26),
(27, 25),
(27, 26),
(27, 29),
(27, 33),
(27, 36),
(29, 25),
(29, 26),
(29, 27),
(30, 25),
(30, 26),
(30, 28),
(30, 32),
(30, 36),
(32, 25),
(32, 26),
(32, 27),
(33, 25),
(33, 26),
(33, 29),
(33, 33),
(33, 36),
(35, 25),
(35, 26),
(35, 27),
(36, 25),
(36, 26),
(36, 29),
(36, 33),
(36, 36),
(38, 25),
(38, 26),
(38, 27),
(39, 25),
(39, 26),
(39, 28),
(39, 32),
(39, 36),
(41, 25),
(41, 26),
(41, 27),
(42, 25),
(42, 26),
(42, 28),
(42, 36),
(44, 25),
(44, 26),
(44, 27),
(45, 25),
(45, 26),
(45, 28),
(45, 32),
(45, 36);
